{
    "central_mass": 1e+22,
    "central_radius": 6371000.0,
    "scale": 100000.0,
    "image_size": [
        1000,
        2000
    ],
    "time_step": 604800.0,
    "objects": [
        {
            "x": -114418204.66017827,
            "y": -1001389289.0466938,
            "vx": 25.4418132998076,
            "vy": -3.1245665929522746,
            "mass": 100000000.0
        },
        {
            "x": -36814964246.493416,
            "y": 64950107058.44327,
            "vx": -2.572756149495757,
            "vy": 3.3587491596195926,
            "mass": 100000000.0
        },
        {
            "x": -47289601232.2473,
            "y": 59401227475.25306,
            "vx": -2.4250149755161483,
            "vy": 3.333807876120486,
            "mass": 100000000.0
        }
    ]
}